pitcher,pitcher_name,p_throws,height,shoulder_pos,release_pos_x,release_pos_z,arm_angle,arm_angle_type
434378,Justin Verlander,R,77.0,53.9,-18.605239085239088,85.15172557172558,30.683333550147534,High Three-Quarters
445276,Kenley Jansen,R,77.0,53.9,-25.255575221238935,77.03398230088496,47.39824899094255,High Three-Quarters
445926,Jesse Chavez,R,73.0,51.099999999999994,-19.203906976744186,61.68586046511628,61.068203105979705,Low Three-Quarters
450203,Charlie Morton,R,77.0,53.9,-28.20907290729073,66.22909090909091,66.39000720686647,Low Three-Quarters
455119,Chris Martin,R,80.0,56.0,-35.591298701298705,72.78467532467532,64.68442780370665,Low Three-Quarters
458677,Justin Wilson,L,74.0,51.8,17.32155844155844,76.24623376623377,34.98112084260614,High Three-Quarters
458681,Lance Lynn,R,77.0,53.9,-39.12974935177183,67.22219533275714,71.08106119675988,Low Three-Quarters
471911,Carlos Carrasco,R,76.0,53.199999999999996,-16.604861111111113,70.83791666666667,43.186335947133784,High Three-Quarters
472610,Luis García,R,74.0,51.79999999999999,-27.285675675675677,75.28783783783784,49.22293969903332,High Three-Quarters
489119,Wade Miley,L,73.0,51.099999999999994,22.749152542372883,74.84237288135593,43.744578221115326,High Three-Quarters
489446,Kirby Yates,R,70.0,49.0,-29.633804347826086,61.73869565217392,66.70083705097616,Low Three-Quarters
493603,Adam Ottavino,R,77.0,53.9,-31.830831234256927,64.26438287153653,71.89280252426408,Low Three-Quarters
500779,Jose Quintana,L,73.0,51.099999999999994,26.376064690026954,70.30921832884097,53.93825713836646,High Three-Quarters
502043,Kyle Gibson,R,78.0,54.599999999999994,-26.475012386457475,74.609083402147,52.803959820144684,High Three-Quarters
502085,David Robertson,R,71.0,49.699999999999996,-32.62364779874214,69.35899371069182,58.9101290794628,High Three-Quarters
502179,Paolo Espino,R,70.0,49.0,-12.662168674698796,65.85975903614458,36.55054534164964,High Three-Quarters
502624,Chase Anderson,R,73.0,51.099999999999994,-16.554497354497354,69.39809523809524,39.81087064652855,High Three-Quarters
506433,Yu Darvish,R,77.0,53.9,-23.36081081081081,67.31189189189189,59.99405489338342,High Three-Quarters
518397,Scott Alexander,L,74.0,51.8,21.016363636363636,69.20590909090909,50.34775569657643,High Three-Quarters
518489,Ryan Brasier,R,72.0,50.4,-16.514074074074074,69.74740740740741,40.252913429690274,High Three-Quarters
518585,Fernando Cruz,R,74.0,51.8,-12.629274193548387,72.5516129032258,31.25151571607081,High Three-Quarters
518617,Jake Diekman,L,76.0,53.199999999999996,49.043125,67.0228125,74.2326373513361,Low Three-Quarters
518876,Merrill Kelly,R,74.0,51.8,-21.890526315789472,66.32842105263158,56.40645841065955,High Three-Quarters
518886,Craig Kimbrel,R,72.0,50.4,-34.14757894736842,57.22610526315789,78.66190913498038,Low Three-Quarters
519008,T.J. McFarland,L,75.0,52.5,24.980377358490564,63.62781671159029,65.9712679496739,Low Three-Quarters
519043,Matt Moore,L,75.0,52.5,11.421272727272726,76.47163636363635,25.44147094064541,Overhand
519151,Ryan Pressly,R,74.0,51.8,-5.232672413793104,71.58103448275861,14.866210352486693,Overhand
519242,Chris Sale,L,78.0,54.599999999999994,38.996081200353046,62.24420123565754,78.88854605040508,Low Three-Quarters
519293,Will Smith,L,77.0,53.900000000000006,16.967195121951217,77.91475609756098,35.2025743982533,High Three-Quarters
519326,Hunter Strickland,R,75.0,52.5,-38.345268292682924,70.30917073170731,65.04825354512526,Low Three-Quarters
523260,Joe Kelly,R,73.0,51.09999999999999,-22.22625,62.74767857142857,62.565136413262245,Low Three-Quarters
527048,Martín Pérez,L,72.0,50.4,12.74948051948052,69.36662337662338,33.844331903798384,High Three-Quarters
527054,Julio Teheran,R,74.0,51.8,-31.484117647058824,60.275294117647064,74.9120638331557,Low Three-Quarters
528748,Humberto Castellanos,R,71.0,49.699999999999996,-36.919999999999995,56.954,77.90574481080948,Low Three-Quarters
541640,Erasmo Ramírez,R,72.0,50.4,-25.79948051948052,65.48207792207792,59.67979778556542,High Three-Quarters
542585,José Cisnero,R,75.0,52.5,-18.73617021276596,64.63404255319149,56.75051764749151,High Three-Quarters
542881,Tyler Anderson,L,74.0,51.8,17.51277227722772,76.74267326732672,34.74471582347735,High Three-Quarters
542882,Matt Andriese,R,74.0,51.8,-29.798333333333332,68.68666666666667,60.3906699320967,Low Three-Quarters
542888,Shawn Armstrong,R,74.0,51.8,-19.2105306122449,69.06538775510204,47.95324071449042,High Three-Quarters
543056,Danny Coulombe,L,70.0,49.0,-8.19083969465649,73.57923664122137,18.319179850015892,Overhand
543135,Nathan Eovaldi,R,74.0,51.8,-27.741919075144505,65.93396531791907,62.98508006530935,Low Three-Quarters
543243,Sonny Gray,R,70.0,49.0,-9.962454251883747,66.0724650161464,30.2443428106869,High Three-Quarters
543294,Kyle Hendricks,R,75.0,52.5,-32.93404316546763,71.33628776978418,60.102002019558334,Low Three-Quarters
543339,Daniel Hudson,R,75.0,52.5,-34.21648854961832,65.82778625954198,68.7085038277546,Low Three-Quarters
543351,Jay Jackson,R,73.0,51.1,-27.809072164948454,68.4581443298969,58.0039585645214,High Three-Quarters
543475,Jordan Lyles,R,77.0,53.9,-28.183333333333334,71.12166666666667,58.502598091081204,High Three-Quarters
543518,Scott McGough,R,71.0,49.699999999999996,-18.54765100671141,72.04953020134228,39.62302577628019,High Three-Quarters
543766,Bryan Shaw,R,73.0,51.09999999999999,-34.178526315789476,72.47873684210526,57.96610159696083,High Three-Quarters
543859,Michael Tonkin,R,79.0,55.3,-44.085380116959065,62.82526315789474,80.30330463543909,Low Three-Quarters
544150,Albert Suárez,R,75.0,52.5,-18.073636363636364,74.67145454545455,39.23159427223559,High Three-Quarters
547001,Cody Poteet,R,73.0,51.099999999999994,-16.55297071129707,74.67564853556485,35.00263354322366,High Three-Quarters
547179,Michael Lorenzen,R,75.0,52.5,-17.25808917197452,69.73044585987262,45.02835192849021,High Three-Quarters
547184,Michael Kelly,R,76.0,53.199999999999996,-16.010297872340427,72.948,38.76887543804899,High Three-Quarters
547973,Aroldis Chapman,L,76.0,53.199999999999996,6.179512195121951,72.74536585365854,17.529886020392148,Overhand
548384,Brooks Raley,L,75.0,52.5,36.77142857142857,67.37243697478992,67.90006061324836,Low Three-Quarters
548389,Ross Stripling,R,73.0,51.09999999999999,-13.845803571428572,82.30982142857144,23.95255472007487,Overhand
552640,Andrew Kittredge,R,73.0,51.099999999999994,-21.697499999999998,69.19611111111111,50.12754758392092,High Three-Quarters
554340,Yimi García,R,73.0,51.099999999999994,-31.530466321243523,62.09875647668394,70.73513468560101,Low Three-Quarters
554430,Zack Wheeler,R,76.0,53.199999999999996,-26.130555555555553,63.49953703703703,68.48075340513935,Low Three-Quarters
554431,Tyler Matzek,L,75.0,52.5,22.33541899441341,74.99798882681564,44.80775707110113,High Three-Quarters
570257,Joely Rodríguez,L,73.0,51.099999999999994,38.474716981132076,66.34132075471699,68.13903840244515,Low Three-Quarters
570632,José Ureña,R,74.0,51.8,-35.521837455830386,68.45413427561837,64.7920992614986,Low Three-Quarters
571539,Matt Carasiti,R,74.0,51.8,-15.633882352941175,70.61788235294118,39.686309974240714,High Three-Quarters
571578,Patrick Corbin,L,76.0,53.199999999999996,28.511768826619964,75.19586690017512,52.26654244872178,High Three-Quarters
571656,Buck Farmer,R,76.0,53.199999999999996,-13.781383647798743,68.60880503144655,41.64248857739047,High Three-Quarters
571670,Dylan Floro,R,74.0,51.8,-39.94267515923567,72.58267515923568,62.47822701200572,Low Three-Quarters
571760,Andrew Heaney,L,74.0,51.8,35.54470254957507,60.632861189801694,76.00750125710323,Low Three-Quarters
571863,Matt Koch,R,75.0,52.5,-31.930434782608696,68.52521739130434,63.17145277389027,Low Three-Quarters
571882,Derek Law,R,75.0,52.5,-13.198991596638654,77.76504201680672,27.49879646338322,Overhand
571927,Steven Matz,L,74.0,51.8,21.239520958083833,68.40263473053892,51.60180320932329,High Three-Quarters
571945,Miles Mikolas,R,76.0,53.199999999999996,-28.86249768732655,77.66530989824237,49.00802482544332,High Three-Quarters
571946,Shelby Miller,R,75.0,52.5,-18.97489655172414,64.48344827586207,57.51175651704624,High Three-Quarters
571948,Hoby Milner,L,75.0,52.5,50.759032258064515,51.87024193548387,90.701888101368,Sidearm
572020,James Paxton,L,76.0,53.199999999999996,27.005454545454548,73.23545454545454,53.365865606263704,High Three-Quarters
572143,Burch Smith,R,76.0,53.199999999999996,-27.687157894736842,68.4896842105263,60.71358680817784,Low Three-Quarters
572955,Pierce Johnson,R,74.0,51.8,-27.080462427745665,73.80589595375723,50.8644406168498,High Three-Quarters
573009,Joe Mantiply,L,76.0,53.19999999999999,39.693897280966766,61.38670694864048,78.34459936783816,Low Three-Quarters
573124,Taylor Rogers,L,75.0,52.5,22.390536585365854,67.98117073170731,55.25656113552242,High Three-Quarters
573186,Marcus Stroman,R,67.0,46.9,-13.113223140495867,63.201024793388434,38.69020075091662,High Three-Quarters
573204,Caleb Thielbar,L,72.0,50.4,6.160147058823529,72.53911764705882,15.5452482371302,Overhand
579328,Yusei Kikuchi,L,72.0,50.4,29.26904392764858,65.15989664082687,63.050723597379054,Low Three-Quarters
592094,Jason Adam,R,75.0,52.5,-15.08686567164179,72.67641791044775,36.83001668545685,High Three-Quarters
592155,Cam Booser,L,75.0,52.5,31.468813559322033,68.5335593220339,62.87565203753596,Low Three-Quarters
592288,Kent Emanuel,L,76.0,53.199999999999996,26.498490566037738,69.49132075471698,58.38328930633109,High Three-Quarters
592332,Kevin Gausman,R,74.0,51.8,-28.967802197802197,68.87802197802198,59.46801384254186,High Three-Quarters
592351,Jon Gray,R,76.0,53.199999999999996,-20.78518987341772,67.29493670886076,55.87266201019311,High Three-Quarters
592426,Luke Jackson,R,74.0,51.8,-26.668623853211006,77.95816513761467,45.40239601388098,High Three-Quarters
592454,Tommy Kahnle,R,73.0,51.099999999999994,-26.514049586776856,70.09884297520662,54.192611867483826,High Three-Quarters
592767,Drew Smyly,L,74.0,51.8,18.347272727272728,79.25963636363636,33.6776306310094,High Three-Quarters
592773,Ryne Stanek,R,76.0,53.199999999999996,-10.651798561151079,76.14302158273381,24.864802700293,Overhand
592779,Brock Stewart,R,75.0,52.5,-23.30181818181818,64.87578947368421,61.9622498347184,Low Three-Quarters
592791,Jameson Taillon,R,77.0,53.9,-17.76383141762452,73.39724137931034,42.279479861420114,High Three-Quarters
592836,Taijuan Walker,R,76.0,53.199999999999996,-22.6079295154185,77.31577092511013,43.104480743922245,High Three-Quarters
592866,Trevor Williams,R,75.0,52.5,-27.603517915309446,59.63960912052117,75.47430100983325,Low Three-Quarters
593423,Frankie Montas,R,74.0,51.8,-15.247145790554415,69.94114989733059,39.95052673240129,High Three-Quarters
593576,Héctor Neris,R,74.0,51.8,-17.50448036951501,72.59944572748269,39.97318978020237,High Three-Quarters
593833,Wander Suero,R,76.0,53.199999999999996,-41.46,68.88,69.2754325840666,Low Three-Quarters
593934,Miguel Sanó,R,76.0,53.199999999999996,-25.560000000000002,73.8,51.1511894281532,High Three-Quarters
593974,Wandy Peralta,L,72.0,50.4,7.851472868217054,71.84899224806202,19.311842876351676,Overhand
594580,Sam Moll,L,69.0,48.29999999999999,27.638375634517768,60.54822335025381,65.9266164569292,Low Three-Quarters
594835,Marco Gonzales,L,73.0,51.099999999999994,23.823934426229506,65.82098360655738,58.12721098208486,High Three-Quarters
594902,Ben Lively,R,76.0,53.199999999999996,-15.92177985948478,63.07377049180328,57.9833574321034,High Three-Quarters
595014,Blake Treinen,R,77.0,53.900000000000006,-34.494878048780485,75.21365853658536,58.28067753586931,High Three-Quarters
595345,Steven Okert,L,74.0,51.8,36.03961904761905,68.57066666666667,65.04709189631346,Low Three-Quarters
595881,Tyler Beede,R,74.0,51.8,-22.904603773584906,64.04603773584905,61.81198544638801,Low Three-Quarters
595897,Nick Burdi,R,75.0,52.5,-22.769714285714286,65.09371428571428,60.949960275604525,Low Three-Quarters
595928,John Curtiss,R,77.0,53.9,-33.120000000000005,73.63199999999999,59.117178078275344,High Three-Quarters
596001,Jakob Junis,R,75.0,52.5,-25.506382978723405,68.83914893617022,57.29856643130749,High Three-Quarters
596133,Luke Weaver,R,74.0,51.8,-19.383787375415285,68.67488372093023,48.899930568996446,High Three-Quarters
596295,Austin Gomber,L,77.0,53.9,25.701016949152542,78.43141242937854,46.29890747089913,High Three-Quarters
598286,Nick Ramirez,L,76.0,53.199999999999996,38.962051282051284,68.66666666666667,68.32033835887735,Low Three-Quarters
600917,José Leclerc,R,72.0,50.4,-21.31961977186312,70.20752851711028,46.74129632106308,High Three-Quarters
600986,Thyago Vieira,R,75.0,52.5,-30.02739393939394,72.41866666666667,56.35147952735994,High Three-Quarters
601713,Nick Pivetta,R,77.0,53.9,-16.938232558139536,82.6573023255814,30.406798751446434,High Three-Quarters
605121,Justin Anderson,R,75.0,52.5,-32.04558139534884,69.04409302325581,62.649145033546844,Low Three-Quarters
605130,Scott Barlow,R,75.0,52.5,-22.069642105263156,62.989389473684206,64.33220587689866,Low Three-Quarters
605135,Chris Bassitt,R,77.0,53.9,-18.24420717131474,67.29466135458168,53.447088686604246,High Three-Quarters
605154,John Brebbia,R,73.0,51.099999999999994,-22.388490566037735,70.67632075471698,48.73264296550831,High Three-Quarters
605155,Colten Brewer,R,76.0,53.199999999999996,-29.654492753623185,72.27304347826087,57.148901495896304,High Three-Quarters
605156,Aaron Brooks,R,76.0,53.199999999999996,-24.734556213017754,75.85171597633136,47.4688110769858,High Three-Quarters
605177,Andrew Chafin,L,74.0,51.8,25.106318537859007,74.55853785900783,47.77848619695523,High Three-Quarters
605182,Mike Clevinger,R,76.0,53.199999999999996,-24.124752475247526,67.53425742574258,59.218468317527915,High Three-Quarters
605280,Clay Holmes,R,77.0,53.9,-9.902184154175588,78.79811563169166,21.66824946254624,Overhand
605288,Adrian Houser,R,75.0,52.5,-16.595627329192546,70.54077018633541,42.74948028028638,High Three-Quarters
605397,Joe Musgrove,R,77.0,53.9,-16.66557142857143,76.45114285714286,36.459147989461115,High Three-Quarters
605400,Aaron Nola,R,74.0,51.8,-22.583540669856458,60.48047846889953,68.96709003651976,Low Three-Quarters
605447,Jordan Romano,R,77.0,53.9,-19.488,72.72055813953489,45.76230417747071,High Three-Quarters
605452,Joe Ross,R,76.0,53.19999999999999,-26.274682422451992,68.74883308714918,59.22633192054535,High Three-Quarters
605463,Tayler Scott,R,75.0,52.5,-41.18779411764706,58.18610294117647,82.06535335585389,Low Three-Quarters
605483,Blake Snell,L,76.0,53.199999999999996,25.178630136986303,79.62786692759295,43.591151349789186,High Three-Quarters
605513,Spencer Turnbull,R,75.0,52.5,-19.433174603174603,68.73269841269841,50.08619300218609,High Three-Quarters
606149,Giovanny Gallegos,R,74.0,51.8,-21.62111111111111,80.30055555555555,37.161015524288786,High Three-Quarters
606160,Rafael Montero,R,72.0,50.4,-18.04440528634361,60.734273127753305,60.0369423270398,Low Three-Quarters
606303,Joel Payamps,R,74.0,51.800000000000004,-29.691428571428574,68.48472527472528,60.63908286914631,Low Three-Quarters
606930,Jacob Barnes,R,74.0,51.8,-16.503859649122806,67.86350877192983,45.42877844622643,High Three-Quarters
606965,Chris Devenski,R,75.0,52.5,-0.5289350649350649,76.76135064935065,4.678032589152996,Overhand
607067,Colin Rea,R,77.0,53.9,-23.926117179741805,66.80746772591857,61.5936489638306,Low Three-Quarters
607074,Carlos Rodón,L,74.0,51.8,25.43970443349754,75.80512315270936,46.55404748265771,High Three-Quarters
607179,Jordan Weems,R,76.0,53.199999999999996,-24.5073381294964,72.49669064748201,51.71819188309739,High Three-Quarters
607192,Tyler Glasnow,R,80.0,56.0,-19.218947368421052,72.55899313501143,49.04905764918947,High Three-Quarters
607200,Erick Fedde,R,76.0,53.199999999999996,-17.89432981316003,69.72750609260764,47.09505522962721,High Three-Quarters
607237,Amir Garrett,L,77.0,53.89999999999999,23.598461538461535,72.345,51.94562492245333,High Three-Quarters
607259,Nick Martinez,R,73.0,51.099999999999994,-20.41233502538071,74.81451776649746,40.68226198051527,High Three-Quarters
607455,Anthony Banda,L,74.0,51.8,32.38191780821918,64.69808219178083,68.23555193304877,Low Three-Quarters
607481,Aaron Bummer,L,75.0,52.5,33.53253886010363,61.59170984455959,74.71801250206272,Low Three-Quarters
607536,Kyle Freeland,L,76.0,53.199999999999996,32.44869009584664,66.62952076677317,67.3705428536163,Low Three-Quarters
607625,Seth Lugo,R,76.0,53.199999999999996,-15.414004796163068,66.20546762589927,49.83314379930301,High Three-Quarters
607644,John Means,L,76.0,53.2,12.452625000000001,76.861875,27.649387833495116,Overhand
608032,Carlos Estévez,R,78.0,54.599999999999994,-22.932000000000002,71.0384,54.15410234245983,High Three-Quarters
608331,Max Fried,L,76.0,53.199999999999996,16.19776595744681,70.70638297872341,42.68762948228732,High Three-Quarters
608334,Carson Fulmer,R,72.0,50.4,-29.988,68.44472727272728,58.920420534189354,High Three-Quarters
608344,Cole Irvin,L,76.0,53.199999999999996,13.684017278617711,73.65408207343411,33.734334250399904,High Three-Quarters
608371,Lucas Sims,R,74.0,51.8,-21.462382271468144,68.07024930747923,51.4317343398463,High Three-Quarters
608379,Michael Wacha,R,78.0,54.599999999999994,-19.05629350893697,78.70634054562558,38.30935860172208,High Three-Quarters
608648,Tyler Duffey,R,75.0,52.5,-31.194285714285716,68.21650793650794,62.74481342794043,Low Three-Quarters
608678,Dominic Leone,R,70.0,49.0,-27.577793594306048,70.02576512455516,52.209999381240856,High Three-Quarters
608717,Chris Stratton,R,74.0,51.8,-21.77714285714286,69.60571428571428,50.71926741015737,High Three-Quarters
608718,Brent Suter,L,76.0,53.199999999999996,39.844375,75.681875,60.543295490892596,Low Three-Quarters
608723,Austin Voth,R,74.0,51.8,-29.15844155844156,68.53776623376623,60.097340161309376,Low Three-Quarters
612434,Miguel Castro,R,79.0,55.3,-28.235384615384618,60.19538461538461,80.1454293848168,Low Three-Quarters
613534,Austin Adams,R,75.0,52.5,-44.053774834437085,61.80794701986755,78.05111876209756,Low Three-Quarters
614179,José Ruiz,R,73.0,51.099999999999994,-15.062975206611569,75.44330578512397,31.732247679054367,High Three-Quarters
615698,Cal Quantrill,R,75.0,52.5,-17.86303715670436,75.5865266558966,37.64513480514076,High Three-Quarters
620982,Ricardo Pinto,R,72.0,50.4,-15.31090909090909,72.68945454545455,34.435613838017936,High Three-Quarters
621016,Jose Cuas,R,75.0,52.5,-52.711750972762644,50.63019455252919,92.02075474134503,Sidearm
621051,Steven Wilson,R,75.0,52.5,-22.856727272727273,66.88945454545454,57.12410762027397,High Three-Quarters
621053,Tyler Ferguson,R,76.0,53.2,-41.68933333333333,69.75866666666667,68.30550276099328,Low Three-Quarters
621097,Jacob Waguespack,R,78.0,54.599999999999994,-3.6032579185520364,77.16923076923078,9.050435307392831,Overhand
621107,Zach Eflin,R,78.0,54.599999999999994,-27.202660653889513,69.88450958286359,60.5651518614404,Low Three-Quarters
621111,Walker Buehler,R,74.0,51.8,-13.917809330628803,66.30498985801218,43.50205899437532,High Three-Quarters
621112,Paul Blackburn,R,73.0,51.099999999999994,-24.37655737704918,72.60688524590164,48.53429131240617,High Three-Quarters
621114,Ryan Burr,R,76.0,53.199999999999996,-21.48888888888889,76.22666666666666,42.99907898490602,High Three-Quarters
621199,Matt Bowman,R,72.0,50.4,-22.430999999999997,69.52749999999999,49.22869387015982,High Three-Quarters
621237,José Alvarado,L,74.0,51.8,12.790126582278482,80.11088607594937,24.30791853026386,Overhand
621242,Edwin Díaz,R,75.0,52.5,-24.95,59.534137931034486,74.2662250864877,Low Three-Quarters
621244,José Berríos,R,72.0,50.4,-24.500485355648532,67.7767029288703,54.6148167752029,High Three-Quarters
621294,Ben Heller,R,75.0,52.5,-25.100526315789473,65.38105263157895,62.73325422742708,Low Three-Quarters
621345,A.J. Minter,L,72.0,50.4,28.786285714285714,69.22361904761904,56.740682352068006,High Three-Quarters
621363,Colin Poche,L,75.0,52.5,13.390588235294118,75.8195294117647,29.801906840296546,Overhand
621366,Ryan Borucki,L,76.0,53.2,22.687199999999997,68.7072,55.61496979269739,High Three-Quarters
621381,Matt Strahm,L,74.0,51.8,27.85156626506024,65.0978313253012,63.05058157972858,Low Three-Quarters
621383,Tanner Banks,L,73.0,51.099999999999994,33.20311377245508,74.82970059880239,54.38553850424794,High Three-Quarters
621389,Ty Blach,L,73.0,51.099999999999994,36.96666666666667,68.84388888888888,64.29941720512574,Low Three-Quarters
621550,Patrick Wisdom,R,74.0,51.8,-38.19692307692308,78.10153846153845,55.31934759931222,High Three-Quarters
622065,Alex Young,L,75.0,52.5,24.36375,71.52375,51.94385421816382,High Three-Quarters
622072,Alex Wood,L,76.0,53.199999999999996,23.457142857142856,57.34587301587302,79.97198897845901,Low Three-Quarters
622075,Yency Almonte,R,77.0,53.9,-16.996404494382023,69.9770786516854,46.43406817634088,High Three-Quarters
622088,Tejay Antone,R,76.0,53.199999999999996,-31.99404255319149,70.31489361702127,61.713465873598956,Low Three-Quarters
622098,Drew Smith,R,74.0,51.8,-28.298823529411763,67.95529411764706,60.2343716233553,Low Three-Quarters
622250,Josh Sborz,R,75.0,52.5,-10.875140186915889,75.26691588785047,25.253381027960955,Overhand
622251,Josh Staumont,R,75.0,52.5,-17.314098360655738,72.56524590163934,40.699409640762376,High Three-Quarters
622253,Dillon Tate,R,74.0,51.8,-21.601973684210527,63.225394736842105,61.60231037837743,Low Three-Quarters
622491,Luis Castillo,R,74.0,51.8,-28.32717872968981,60.6272082717873,72.53415539813571,Low Three-Quarters
622503,Nabil Crismatt,R,73.0,51.099999999999994,-29.530322580645162,66.67225806451613,61.98345834325701,Low Three-Quarters
622554,Seranthony Domínguez,R,73.0,51.1,-20.995533498759308,66.12833746898264,54.31928625235684,High Three-Quarters
622569,Pablo Reyes,R,68.0,47.599999999999994,-15.66,66.01333333333334,41.04394874401001,High Three-Quarters
622663,Luis Severino,R,74.0,51.8,-23.64818181818182,71.37272727272726,50.32266933059307,High Three-Quarters
622694,Elieser Hernández,R,73.0,51.099999999999994,-26.36663101604278,63.638502673796786,64.55543479985288,Low Three-Quarters
622786,Jesus Tinoco,R,76.0,53.199999999999996,-24.207843137254905,63.66117647058823,66.28793905751695,Low Three-Quarters
623149,Paul Sewald,R,75.0,52.5,-43.460979020979025,54.21314685314685,87.72603477851793,Low Three-Quarters
623167,Chris Flexen,R,75.0,52.5,-1.625966228893058,82.18176360225141,3.887721115703964,Overhand
623211,Huascar Brazoban,R,75.0,52.5,-19.084225352112675,68.94929577464788,49.174459455727664,High Three-Quarters
623352,Josh Hader,L,75.0,52.5,36.41627254509018,68.33867735470942,66.40409446055844,Low Three-Quarters
623433,Nick Anderson,R,76.0,53.199999999999996,-9.970935960591133,77.50167487684729,22.33147363417296,Overhand
623451,Jackson Stephens,R,74.0,51.8,-11.12,73.17647058823529,27.52039607146171,Overhand
623465,Evan Phillips,R,74.0,51.8,-25.215223880597016,63.6510447761194,64.4915064576555,Low Three-Quarters
623474,Jimmy Herget,R,75.0,52.5,-27.473,59.36,75.47304968607399,Low Three-Quarters
624133,Ranger Suárez,L,73.0,51.099999999999994,21.546770833333333,70.673125,47.7853483339013,High Three-Quarters
624431,Jose Trevino,R,70.0,49.0,-12.086666666666666,81.02000000000001,20.713043014471143,Overhand
624522,Keegan Thompson,R,73.0,51.099999999999994,-31.186609442060085,69.81115879828326,59.005772019534334,High Three-Quarters
624647,Victor González,L,72.0,50.4,26.62330097087379,59.0726213592233,71.90757940897979,Low Three-Quarters
625643,Reynaldo López,R,73.0,51.099999999999994,-21.31073275862069,70.65258620689656,47.48909519072979,High Three-Quarters
628317,Kenta Maeda,R,73.0,51.09999999999999,-27.461870503597122,68.02756834532374,58.30479456415656,High Three-Quarters
628452,Raisel Iglesias,R,74.0,51.800000000000004,-22.656283185840707,66.54690265486727,56.14040418559479,High Three-Quarters
628708,Yunior Marte,R,74.0,51.79999999999999,-19.435135135135138,67.86918918918919,50.30596594957617,High Three-Quarters
640448,Kyle Finnegan,R,74.0,51.8,-21.456124031007754,69.12837209302326,50.6016610938687,High Three-Quarters
640451,Hunter Harvey,R,75.0,52.5,-24.266692015209127,70.13543726235741,53.926563994469575,High Three-Quarters
640455,Sean Manaea,L,77.0,53.9,29.96231674208145,66.8545520361991,66.40861163150255,Low Three-Quarters
640462,A.J. Puk,L,79.0,55.3,30.5745306122449,67.97167346938777,67.01301262548823,Low Three-Quarters
640470,Adbert Alzolay,R,73.0,51.099999999999994,-16.034407294832825,74.9493009118541,33.85800093131911,High Three-Quarters
641149,Wes Parsons,R,77.0,53.9,-18.644594594594594,68.15513513513513,52.48557329095099,High Three-Quarters
641154,Pablo López,R,76.0,53.199999999999996,-21.452064570943072,66.98864910790144,57.063301533958494,High Three-Quarters
641302,Tyler Alexander,L,74.0,51.8,16.291137594799565,68.87947995666306,43.550278930054816,High Three-Quarters
641312,Shaun Anderson,R,78.0,54.59999999999999,-23.254285714285714,73.96714285714286,50.06941860987918,High Three-Quarters
641343,Jake Bauers,L,71.0,49.699999999999996,7.808181818181819,84.37636363636364,13.055663364762557,Overhand
641401,Connor Brogdon,R,78.0,54.6,-34.28412371134021,72.19298969072165,62.81033936371908,Low Three-Quarters
641482,Nestor Cortes,L,71.0,49.699999999999996,15.174790697674418,68.97925581395349,37.49566534062788,High Three-Quarters
641540,Dane Dunning,R,76.0,53.199999999999996,-27.105667447306793,65.29545667447307,65.94677843649897,Low Three-Quarters
641585,J.P. France,R,72.0,50.4,-16.68695278969957,67.55175965665237,44.17807456405374,High Three-Quarters
641645,Luis Guillorme,R,70.0,49.0,-13.728,80.34,23.944854608287038,Overhand
641656,Ian Hamilton,R,73.0,51.099999999999994,-32.391999999999996,71.44319999999999,57.83519358311079,High Three-Quarters
641712,Dakota Hudson,R,77.0,53.9,-26.21234899328859,73.58979865771812,52.931263163343914,High Three-Quarters
641726,Daulton Jefferies,R,72.0,50.39999999999999,-34.00623853211009,69.37100917431192,60.83525063679491,Low Three-Quarters
641729,Joe Jiménez,R,75.0,52.5,-29.755102040816325,68.43612244897959,61.73835480188988,Low Three-Quarters
641745,Brad Keller,R,77.0,53.9,-15.721798715203425,77.00248394004284,34.19667185306652,High Three-Quarters
641755,Tyler Kinley,R,76.0,53.199999999999996,-11.224163265306123,77.33142857142857,24.865112503693283,Overhand
641793,Zack Littell,R,76.0,53.199999999999996,-7.496368286445013,73.5222506393862,20.228422664601155,Overhand
641835,Tim Mayza,L,75.0,52.5,20.566,75.36833333333333,41.93309381214435,High Three-Quarters
641927,Bailey Ober,R,81.0,56.699999999999996,-15.267188353048224,72.15734303912647,44.5318204009659,High Three-Quarters
641941,Emilio Pagán,R,74.0,51.8,-20.31309090909091,68.15636363636364,51.145333805101494,High Three-Quarters
642028,Josh Rogers,L,75.0,52.5,32.12878048780488,70.81463414634148,60.268596120476516,Low Three-Quarters
642048,Tayler Saucedo,L,76.0,53.199999999999996,25.392094861660077,63.73185770750988,67.39005794202434,Low Three-Quarters
642100,Gabe Speier,L,71.0,49.699999999999996,19.846216216216213,64.52472972972973,53.17768767231834,High Three-Quarters
642121,Cole Sulser,R,73.0,51.099999999999994,-19.485957446808513,69.43404255319149,46.71996615846889,High Three-Quarters
642216,Allan Winans,R,74.0,51.79999999999999,-20.784878048780488,69.95560975609756,48.850684771004914,High Three-Quarters
642232,Ryan Yarbrough,L,77.0,53.89999999999999,38.65676609105181,61.27554160125588,79.11101906328344,Low Three-Quarters
642397,Gregory Soto,L,73.0,51.099999999999994,22.969495548961426,69.31370919881306,51.38219047523282,High Three-Quarters
642520,Gerson Garabito,R,72.0,50.4,-19.777560975609756,67.43609756097561,48.913218715505295,High Three-Quarters
642528,Jonathan Loáisiga,R,71.0,49.699999999999996,-27.096393442622954,65.10688524590164,60.35639894169163,Low Three-Quarters
642546,Jonathan Hernández,R,75.0,52.5,-18.874727793696273,65.21226361031518,55.907063793498054,High Three-Quarters
642547,Freddy Peralta,R,72.0,50.4,-38.18663390663391,62.86447174447175,71.8382422588417,Low Three-Quarters
642629,Emmanuel Ramirez,R,74.0,51.8,1.4530232558139535,69.44651162790699,7.403608970636528,Overhand
642701,Dennis Santana,R,74.0,51.8,-27.76665105386417,69.38810304449649,57.5857544241333,High Three-Quarters
643256,Adam Cimber,R,75.0,52.5,-50.101741424802114,28.828496042216358,115.29157893762135,Sidearm
643338,Chad Green,R,75.0,52.5,-20.491666666666667,73.67611111111111,43.65936235748133,High Three-Quarters
643361,Kevin Herget,R,70.0,49.0,-20.273739130434784,72.65321739130435,40.242940230256835,High Three-Quarters
643377,Griffin Jax,R,74.0,51.8,-9.650769230769232,66.25819004524887,33.633333945495345,High Three-Quarters
643396,Isiah Kiner-Falefa,R,71.0,49.699999999999996,-13.566666666666666,82.66000000000001,22.193689145025928,Overhand
643410,Mark Leiter Jr.,R,72.0,50.4,-18.721739130434784,69.79449275362319,43.84846668359089,High Three-Quarters
643493,Austin Pruitt,R,70.0,49.0,-5.746153846153846,71.14307692307692,14.582617035576796,Overhand
643511,Tyler Rogers,R,75.0,52.5,-46.00376470588235,13.451011764705884,130.32509788567785,Submarine
647315,Zach Pop,R,76.0,53.199999999999996,-22.89915254237288,66.39610169491526,59.99520037098728,High Three-Quarters
647336,Michael Soroka,R,77.0,53.9,-32.27632887189293,73.39307839388145,58.82249048726861,High Three-Quarters
650489,Willi Castro,R,73.0,51.099999999999994,-23.056,80.088,38.31658593093966,High Three-Quarters
650556,Bryan Abreu,R,73.0,51.099999999999994,-24.486988352745424,68.98362728785358,53.884600566990684,High Three-Quarters
650633,Michael King,R,75.0,52.5,-34.90067175572519,66.85099236641221,67.57222059678679,Low Three-Quarters
650644,Aaron Civale,R,74.0,51.8,-11.09159574468085,76.69734042553192,24.058887693243115,Overhand
650893,Génesis Cabrera,L,74.0,51.8,22.13953488372093,71.57364341085271,47.92354346533667,High Three-Quarters
650895,Diego Castillo,R,75.0,52.5,-18.314716981132076,71.55962264150943,43.8290973879089,High Three-Quarters
650911,Cristopher Sánchez,L,73.0,51.099999999999994,22.185509433962263,75.71535849056603,41.992911607979046,High Three-Quarters
650960,Daniel Duarte,R,72.0,50.4,-12.876428571428573,66.37071428571429,38.5290037030734,High Three-Quarters
655889,Manuel Rodríguez,R,71.0,49.7,-14.949257142857142,66.20982857142857,42.009787909490086,High Three-Quarters
656222,Jalen Beeks,L,71.0,49.699999999999996,9.76695652173913,72.08393194706994,23.487737910143206,Overhand
656232,Brandon Bielak,R,74.0,51.8,-12.344506329113925,74.51878481012658,28.578678860558988,Overhand
656234,Jake Bird,R,75.0,52.5,-27.284318181818183,65.45420454545454,64.45091500036088,Low Three-Quarters
656266,J.B. Bukauskas,R,72.0,50.4,-26.78590909090909,62.005909090909086,66.57558769746035,Low Three-Quarters
656271,Brock Burke,L,76.0,53.199999999999996,19.136129032258065,73.78064516129032,42.942745268758756,High Three-Quarters
656288,Griffin Canning,R,74.0,51.8,-18.911894736842108,70.91463157894736,44.34629066893088,High Three-Quarters
656302,Dylan Cease,R,74.0,51.8,-16.662511627906976,73.63013953488372,37.27093772291609,High Three-Quarters
656412,Alex Faedo,R,77.0,53.9,-31.506477876106196,71.82265486725665,60.34286417010728,Low Three-Quarters
656420,J.P. Feyereisen,R,74.0,51.8,-9.080526315789474,74.68184210526316,21.590742379442368,Overhand
656427,Jack Flaherty,R,76.0,53.199999999999996,-28.9716079923882,64.66150333016175,68.39200283315583,Low Three-Quarters
656464,Kevin Ginkel,R,76.0,53.199999999999996,-25.693002257336342,77.01995485327313,47.128526996220195,High Three-Quarters
656529,Sam Hentges,L,78.0,54.59999999999999,20.844238410596027,77.05827814569535,42.82866922599451,High Three-Quarters
656546,Jeff Hoffman,R,77.0,53.9,-32.02330188679245,73.08481132075471,59.05086107256055,High Three-Quarters
656557,Tanner Houck,R,77.0,53.9,-28.04586623690572,67.56802578565673,63.974879350330426,Low Three-Quarters
656605,Mitch Keller,R,75.0,52.5,-24.363400809716598,69.8744939271255,54.49169612323089,High Three-Quarters
656629,Michael Kopech,R,75.0,52.5,-28.106612903225805,68.93879032258064,59.56695268462692,High Three-Quarters
656638,Alex Lange,R,75.0,52.5,-24.393103448275863,68.98058355437666,55.90737777092811,High Three-Quarters
656641,Jacob Latz,L,74.0,51.8,20.335010660980814,71.45219616204692,45.82673133591032,High Three-Quarters
656671,Josh Maciejewski,L,75.0,52.5,20.73,67.89,53.37152329207281,High Three-Quarters
656716,Zach McKinstry,R,72.0,50.4,-17.755,79.19500000000001,31.703106606967566,High Three-Quarters
656730,Trevor Megill,R,80.0,56.0,-2.8010526315789477,79.39127819548872,7.025449188251177,Overhand
656731,Tylor Megill,R,79.0,55.300000000000004,-16.5534670487106,69.41467048710602,49.43647914449734,High Three-Quarters
656756,Jordan Montgomery,L,78.0,54.599999999999994,19.841194029850744,79.24575305291724,38.823522642762924,High Three-Quarters
656786,Parker Mushinski,L,72.0,50.4,10.33422680412371,67.29773195876288,31.021750303203984,High Three-Quarters
656793,Nick Nelson,R,73.0,51.099999999999994,-29.08666666666667,69.82888888888888,57.192984164449406,High Three-Quarters
656794,Sean Newcomb,L,77.0,53.9,25.488,74.46171428571428,51.05136071872838,High Three-Quarters
656814,Luis F. Ortiz,R,75.0,52.5,-29.184000000000005,72.636,55.29662444372087,High Three-Quarters
656849,David Peterson,L,78.0,54.599999999999994,28.057724550898204,73.98107784431137,55.330710425951395,High Three-Quarters
656887,Sean Reid-Foley,R,75.0,52.5,-13.259808306709264,65.91795527156549,44.17090779885869,High Three-Quarters
656896,Emmanuel Rivera,R,74.0,51.8,-25.513548387096773,70.39354838709677,53.83958708254704,High Three-Quarters
656924,Ryder Ryan,R,74.0,51.79999999999999,-18.812972972972975,64.6627027027027,55.525033488754644,High Three-Quarters
656945,Tanner Scott,L,72.0,50.4,30.040921658986175,62.516405529953914,68.01539200879093,Low Three-Quarters
656976,Pavin Smith,L,74.0,51.8,30.68470588235294,64.90588235294116,66.88706224903355,Low Three-Quarters
657006,Justin Steele,L,74.0,51.79999999999999,24.64649776453055,73.84149031296572,48.13754550821599,High Three-Quarters
657024,Erik Swanson,R,75.0,52.5,-9.851311475409835,73.14590163934426,25.56771625596225,Overhand
657044,Ryan Thompson,R,77.0,53.9,-41.902258064516126,45.453548387096774,101.3769125199667,Sidearm
657061,Cole Tucker,R,75.0,52.5,-12.732,78.49199999999999,25.331982706412496,Overhand
657097,Jacob Webb,R,74.0,51.8,-27.782152466367712,66.76385650224215,60.86665611266856,Low Three-Quarters
657240,Julian Merryweather,R,76.0,53.199999999999996,-22.014545454545452,74.15220779220779,46.36015283754684,High Three-Quarters
657265,Peter Strzelecki,R,74.0,51.79999999999999,-25.966829268292685,58.70634146341464,74.77546210955231,Low Three-Quarters
657277,Logan Webb,R,73.0,51.09999999999999,-16.330560000000002,59.91639272727272,61.517678009980656,Low Three-Quarters
657376,Clarke Schmidt,R,73.0,51.099999999999994,-18.221393523061824,67.66080471050049,47.29794416981167,High Three-Quarters
657508,Mike Baumann,R,76.0,53.199999999999996,-20.04029197080292,73.38364963503649,44.5448184571876,High Three-Quarters
657514,Brennan Bernardino,L,76.0,53.199999999999996,37.096751269035536,60.343553299492385,78.98390756652202,Low Three-Quarters
657571,Caleb Ferguson,L,75.0,52.5,28.70958904109589,67.24076712328767,62.81692466236996,Low Three-Quarters
657585,Reed Garrett,R,74.0,51.8,-25.699027027027025,67.26421621621621,58.89752279385481,High Three-Quarters
657612,Tim Hill,L,76.0,53.199999999999996,45.49175879396985,39.95276381909548,106.20159197670812,Sidearm
657649,Jared Koenig,L,77.0,53.9,33.657317647058825,69.984,64.15591833050439,Low Three-Quarters
657697,Vinny Nittoli,R,73.0,51.099999999999994,-35.66842105263158,59.23263157894737,77.10671767422812,Low Three-Quarters
657746,Joe Ryan,R,74.0,51.8,-29.466490503715935,58.022923203963664,78.08642262720767,Low Three-Quarters
658648,Pedro Avila,R,71.0,49.699999999999996,-11.94745417515275,69.92260692464359,30.542202474028848,High Three-Quarters
660600,Enoli Paredes,R,71.0,49.699999999999996,-31.02875,61.137499999999996,69.61078086113811,Low Three-Quarters
660761,José Suarez,L,70.0,49.0,20.34910277324633,66.76913539967374,48.39097133012762,High Three-Quarters
660825,Eduard Bazardo,R,72.0,50.4,-22.044193548387096,70.61709677419356,47.3296213159542,High Three-Quarters
660853,Enyel De Los Santos,R,75.0,52.5,-23.90465011286682,64.98474040632054,62.43812522916721,Low Three-Quarters
660896,Jorge Alcala,R,75.0,52.5,-32.559386503067486,78.80503067484662,50.97414165385402,High Three-Quarters
661395,Jhoan Duran,R,77.0,53.9,-26.741679389312974,72.2757251908397,55.41999345369893,High Three-Quarters
661403,Emmanuel Clase,R,74.0,51.8,-8.199166666666667,72.27527777777777,21.72982783773704,Overhand
661527,Seth Martinez,R,74.0,51.8,-28.4841351888668,53.838011928429424,85.85397232728529,Low Three-Quarters
661563,Luis Gil,R,74.0,51.8,-33.38228013029316,68.01517915309446,64.0555509281831,Low Three-Quarters
662253,Andrés Muñoz,R,74.0,51.79999999999999,-26.759716981132076,61.853490566037735,68.41914609547058,Low Three-Quarters
663158,Robert Suarez,R,74.0,51.8,-13.797355371900826,74.91140495867769,30.818752504874467,High Three-Quarters
663321,Nick Hernandez,R,73.0,51.09999999999999,-29.52857142857143,69.27428571428571,58.35967869434463,High Three-Quarters
663362,Matt Waldron,R,74.0,51.8,-16.87931153184165,66.58791738382101,48.50756379446791,High Three-Quarters
663372,Ryan Feltner,R,76.0,53.199999999999996,-16.387077464788735,67.14411971830987,49.52422306513551,High Three-Quarters
663423,Trent Thornton,R,72.0,50.39999999999999,-28.536605504587154,62.29211009174312,66.81873677585072,Low Three-Quarters
663432,Tanner Rainey,R,74.0,51.8,-35.29959183673469,71.9667638483965,60.25507683365697,Low Three-Quarters
663462,Isaiah Campbell,R,76.0,53.199999999999996,-25.584220183486238,77.81614678899084,45.96050932352012,High Three-Quarters
663474,Triston McKenzie,R,77.0,53.9,-21.064971098265893,77.85768786127167,41.2352111564358,High Three-Quarters
663485,Cole Sands,R,75.0,52.5,-31.082494226327942,69.26078521939954,61.65200832138126,Low Three-Quarters
663531,Logan Allen,L,75.0,52.5,18.935744680851062,72.80502127659575,42.86548604895517,High Three-Quarters
663542,Bryan Hudson,L,80.0,56.0,40.32433460076045,60.00980988593156,84.23807494441031,Low Three-Quarters
663546,Sean Hjelle,R,83.0,58.1,-16.952271540469976,77.12522193211488,41.63551070264566,High Three-Quarters
663554,Casey Mize,R,75.0,52.5,-21.69157281553398,67.64504854368931,54.87159836321106,High Three-Quarters
663559,Bailey Falter,L,76.0,53.199999999999996,14.19393810032017,68.74668089647813,42.25481637663229,High Three-Quarters
663562,Noah Davis,R,74.0,51.8,-25.49217391304348,68.94782608695652,56.07513489865189,High Three-Quarters
663567,Peter Lambert,R,74.0,51.8,-20.337967914438504,72.92235294117647,43.79062210614319,High Three-Quarters
663568,Stephen Kolek,R,75.0,52.5,-21.09643724696356,64.41133603238866,60.490933203140074,Low Three-Quarters
663623,Jake Irvin,R,78.0,54.599999999999994,-25.531986417657045,69.90203735144313,59.048597274286266,High Three-Quarters
663687,Hogan Harris,L,75.0,52.5,29.50785714285714,70.30642857142857,58.72496336569423,High Three-Quarters
663704,James McArthur,R,79.0,55.3,-29.188636363636363,69.453,64.09140439129132,Low Three-Quarters
663738,Daniel Lynch IV,L,78.0,54.599999999999994,13.321875,73.37765625,35.261527470444314,High Three-Quarters
663773,Bryan Hoeing,R,78.0,54.599999999999994,-25.495415282392027,74.22936877076413,51.713382766228214,High Three-Quarters
663776,Patrick Sandoval,L,75.0,52.5,11.706585365853659,72.64564024390243,30.091433943777947,High Three-Quarters
663855,Jordan Hicks,R,74.0,51.8,-21.28701570680628,68.271832460733,52.1973580708217,High Three-Quarters
663878,Nate Pearson,R,78.0,54.599999999999994,-24.66132743362832,65.28982300884955,66.52387771377825,Low Three-Quarters
663893,Brendon Little,L,74.0,51.800000000000004,18.92232558139535,72.39488372093024,42.558016565720756,High Three-Quarters
663897,Luke Williams,R,73.0,51.099999999999994,-21.938181818181818,83.58545454545455,34.02322322991703,High Three-Quarters
663903,Brady Singer,R,77.0,53.9,-17.47683923705722,63.501253405994554,61.20980758127331,Low Three-Quarters
663947,Tyler Holton,L,74.0,51.79999999999999,19.106037735849057,70.3661320754717,45.73999789356101,High Three-Quarters
663978,Chris Paddack,R,77.0,53.9,-30.56201680672269,73.92190476190476,56.61271652478973,High Three-Quarters
663989,Nick Vespi,L,75.0,52.5,26.253913043478263,75.98608695652175,48.08129938029073,High Three-Quarters
663992,Richard Lovelady,L,72.0,50.4,30.229906542056074,62.61308411214954,67.98563103049736,Low Three-Quarters
664076,Garrett Cleavinger,L,73.0,51.09999999999999,12.845384615384615,62.769743589743584,47.5420302931455,High Three-Quarters
664079,Tyler Jay,L,73.0,51.099999999999994,30.91862068965517,67.47724137931034,62.093442107717976,Low Three-Quarters
664126,Pete Fairbanks,R,78.0,54.599999999999994,-3.771592356687898,83.05910828025478,7.854471552478209,Overhand
664129,Geoff Hartlieb,R,77.0,53.9,-35.89161290322581,70.68774193548387,64.86074540446825,Low Three-Quarters
664192,Joey Lucchesi,L,77.0,53.9,31.085294117647063,71.79352941176471,60.15133387938578,Low Three-Quarters
664208,Phil Maton,R,74.0,51.8,-14.821463414634145,64.30749445676275,49.59950072457739,High Three-Quarters
664285,Framber Valdez,L,71.0,49.699999999999996,9.163708609271524,71.72701986754967,22.626093084484722,Overhand
664299,Cristian Javier,R,73.0,51.099999999999994,-17.58694736842105,69.61684210526316,43.54115904448485,High Three-Quarters
664350,Sixto Sánchez,R,72.0,50.4,-30.276908212560386,69.06975845410628,58.263754113589506,High Three-Quarters
664747,Alexis Díaz,R,74.0,51.8,-25.698380743982494,53.70144420131291,85.75523570592672,Low Three-Quarters
664776,Jake Cousins,R,76.0,53.199999999999996,-38.53333333333333,67.31,69.87558675585325,Low Three-Quarters
664849,Danny Young,L,75.0,52.5,43.272820512820516,60.54358974358975,79.3229281583828,Low Three-Quarters
664854,Ryan Helsley,R,74.0,51.8,-5.717741935483871,72.59612903225806,15.564587026785416,Overhand
664875,Justin Lawrence,R,75.0,52.5,-35.835805626598464,52.36419437340154,90.18928524865662,Sidearm
664901,Danny Mendick,R,70.0,49.0,-18.064,82.328,27.840112374657384,Overhand
665152,Dean Kremer,R,74.0,51.8,-24.046254545454545,71.86501818181819,50.12188179710734,High Three-Quarters
665620,Deivi García,R,69.0,48.3,-22.173286219081273,65.30120141342756,52.491112676266305,High Three-Quarters
665622,Luis Medina,R,73.0,51.099999999999994,-25.90612716763006,75.87953757225434,46.11185871349961,High Three-Quarters
665625,Elvis Peguero,R,77.0,53.9,-33.1714691943128,66.66085308056873,68.85521876182987,Low Three-Quarters
665795,Edward Cabrera,R,77.0,53.9,-17.17942028985507,72.98347826086956,41.89798533141852,High Three-Quarters
665828,Oswaldo Cabrera,R,71.0,49.699999999999996,-26.47,67.60000000000001,55.19903647748027,High Three-Quarters
665871,Javier Assad,R,73.0,51.099999999999994,-19.320204778156995,72.40914675767918,42.093301272988136,High Three-Quarters
666129,Braxton Garrett,L,74.0,51.8,32.58650246305419,70.08059113300493,60.58176972821635,Low Three-Quarters
666142,Cole Ragans,L,76.0,53.199999999999996,17.524741641337386,75.84966565349545,36.88683241851405,High Three-Quarters
666149,Tyler Fitzgerald,R,73.0,51.099999999999994,-22.093333333333334,80.07,37.40025810295898,High Three-Quarters
666157,Nick Lodolo,L,78.0,54.6,42.474591961023144,67.17719853836785,73.49409280413307,Low Three-Quarters
666159,Matt Manning,R,78.0,54.6,-21.104109589041098,66.18739726027398,59.99987499427739,High Three-Quarters
666163,Ben Rortvedt,R,69.0,48.3,-11.553333333333335,75.30666666666667,22.97762774356012,Overhand
666197,Grae Kessinger,R,74.0,51.8,-20.498181818181816,72.53454545454545,44.57091867198559,High Three-Quarters
666200,Jesús Luzardo,L,72.0,50.4,27.864524590163935,71.50977049180328,52.788326672872955,High Three-Quarters
666201,Alek Manoah,R,78.0,54.599999999999994,-28.606294416243653,69.92345177664974,61.797799469767675,Low Three-Quarters
666204,Dany Jiménez,R,73.0,51.099999999999994,-4.808679245283019,77.03735849056604,10.473079680678508,Overhand
666205,Kyle Muller,L,79.0,55.3,16.824677419354842,79.36524193548388,34.885936615136856,High Three-Quarters
666208,Alex Speas,R,75.0,52.5,-21.393846153846155,76.10153846153847,42.10147489838049,High Three-Quarters
666214,Joey Wentz,L,77.0,53.9,13.738577075098815,75.71525691699604,32.25035840550421,High Three-Quarters
666215,Forrest Whitley,R,79.0,55.3,-22.573333333333334,73.09333333333333,51.76781095688133,High Three-Quarters
666277,George Soriano,R,74.0,51.8,-20.343888888888888,63.31055555555555,60.49358988332122,Low Three-Quarters
666720,Yerry Rodríguez,R,74.0,51.8,-23.101052631578945,67.87122807017543,55.058660597057994,High Three-Quarters
666745,Jhony Brito,R,74.0,51.8,-15.531322314049586,73.84586776859504,35.01016502060092,High Three-Quarters
666808,Camilo Doval,R,74.0,51.8,-18.75528,65.35896,53.94623992933992,High Three-Quarters
666818,Luis Frías,R,75.0,52.5,-15.06,77.89971428571428,30.56843931178264,High Three-Quarters
666974,Yennier Cano,R,76.0,53.199999999999996,-26.178538622129437,66.45820459290188,63.148029296370645,Low Three-Quarters
667463,John King,L,74.0,51.8,23.517113402061852,65.55175257731959,59.6633959966141,High Three-Quarters
667725,Kyle Tyler,R,72.0,50.39999999999999,-23.937142857142856,69.84571428571428,50.856333258927876,High Three-Quarters
667755,José Soriano,R,75.0,52.5,-18.62858858858859,71.72708708708709,43.93242765528024,High Three-Quarters
668338,Tyson Miller,R,77.0,53.9,-45.89941368078176,56.16781758957655,87.09520685030418,Low Three-Quarters
668390,Cole Winn,R,74.0,51.8,-21.72,66.42550458715597,55.8558645560952,High Three-Quarters
668674,Lucas Erceg,R,74.0,51.79999999999999,-26.649146341463414,71.73731707317073,53.136406642158796,High Three-Quarters
668678,Zac Gallen,R,74.0,51.8,-36.57947368421053,69.86486842105263,63.617223792021896,Low Three-Quarters
668868,Zack Thompson,L,74.0,51.8,8.03583596214511,71.23154574132492,22.436840629087488,Overhand
668874,Blair Henley,R,75.0,52.5,-26.006153846153847,64.25538461538461,65.61539794064761,Low Three-Quarters
668881,Hunter Greene,R,77.0,53.900000000000006,-24.7370007535795,72.63137905048983,52.72691872329354,High Three-Quarters
668933,Graham Ashcraft,R,74.0,51.8,-5.876493150684932,75.35320547945204,14.236771409221651,Overhand
668941,JoJo Romero,L,71.0,49.699999999999996,19.555452631578948,65.62711578947369,50.65074083889401,High Three-Quarters
668942,Josh Rojas,R,73.0,51.099999999999994,-31.484444444444446,68.77777777777777,60.032117342546336,Low Three-Quarters
668964,Tobias Myers,R,73.0,51.099999999999994,-11.77328493647913,70.53212341197822,31.179888139202653,High Three-Quarters
668984,Casey Legumina,R,74.0,51.8,-27.3,58.048,77.0082745241827,Low Three-Quarters
669022,MacKenzie Gore,L,74.0,51.8,21.61546191247974,70.6216531604538,48.88723483364376,High Three-Quarters
669060,Bryse Wilson,R,74.0,51.8,-34.24188436830835,68.9741755888651,63.346438706680544,Low Three-Quarters
669062,Erik Miller,L,77.0,53.9,15.001567164179106,76.10955223880597,34.079230225362494,High Three-Quarters
669084,DL Hall,L,74.0,51.79999999999999,35.857317073170734,65.7739024390244,68.57292902307475,Low Three-Quarters
669093,Jeremiah Estrada,R,73.0,51.099999999999994,-7.345579937304074,69.80200626959248,21.013116706065368,Overhand
669165,Kyle Hurt,R,75.0,52.5,-14.419310344827586,69.4,40.31095057686957,High Three-Quarters
669169,Jonathan Heasley,R,75.0,52.5,-16.97,72.53444444444445,40.05251857893515,High Three-Quarters
669194,Ryne Nelson,R,75.0,52.5,-18.33887043189369,71.71880398671097,43.22965429915236,High Three-Quarters
669203,Corbin Burnes,R,75.0,52.5,-11.32029197080292,72.07863746958638,30.1112654271852,High Three-Quarters
669211,Keegan Akin,L,72.0,50.4,29.226230769230767,70.97053846153847,54.73987178524536,High Three-Quarters
669212,Eli Morgan,R,70.0,49.0,-5.271818181818182,69.0968181818182,14.760110770907538,Overhand
669276,Dylan Lee,L,75.0,52.5,20.5896875,77.48875,39.48515311022571,High Three-Quarters
669302,Logan Gilbert,R,78.0,54.599999999999994,-11.465217391304348,71.06979933110368,34.619255367406645,High Three-Quarters
669330,Tyler Wells,R,80.0,56.0,-14.878610038610038,82.46779922779923,29.302935585193353,Overhand
669373,Tarik Skubal,L,75.0,52.5,21.165331069609508,73.57212224108659,45.04758959263694,High Three-Quarters
669387,Carmen Mlodzinski,R,74.0,51.8,-31.30644351464435,61.1563179916318,73.1870028152699,Low Three-Quarters
669391,Owen White,R,75.0,52.5,-15.09,71.43375,38.52642732458473,High Three-Quarters
669395,Dylan Coleman,R,77.0,53.9,-21.6525,72.6375,49.03517295985178,High Three-Quarters
669422,Matt Sauer,R,76.0,53.199999999999996,-21.06091743119266,71.60000000000001,48.55732534869541,High Three-Quarters
669432,Trevor Rogers,L,77.0,53.9,30.459823008849558,67.99794690265486,65.17070187376254,Low Three-Quarters
669438,Mason Englert,R,76.0,53.199999999999996,-22.973333333333333,66.70596491228069,59.55272844122383,High Three-Quarters
669456,Shane Bieber,R,75.0,52.5,-18.625301204819277,68.79036144578313,48.796808579442235,High Three-Quarters
669459,Kyle Nelson,L,73.0,51.099999999999994,9.700137931034483,69.67696551724138,27.58015446944018,Overhand
669461,Matthew Liberatore,L,76.0,53.199999999999996,9.427322834645668,77.48244094488189,21.219782440310308,Overhand
669467,Andre Pallante,R,72.0,50.39999999999999,-22.508076923076924,72.88673076923077,44.759265942316226,High Three-Quarters
669620,Brady Basso,L,74.0,51.79999999999999,24.95,81.64,39.815265875553905,High Three-Quarters
669622,Anthony Bender,R,76.0,53.199999999999996,-17.807381974248926,65.26145922746781,55.7596173640705,High Three-Quarters
669674,Sam Long,L,73.0,51.099999999999994,17.40206896551724,71.5893103448276,40.304656537734644,High Three-Quarters
669711,Greg Weissert,R,74.0,51.8,-45.912053571428565,58.30714285714286,81.76733069905201,Low Three-Quarters
669713,Hayden Wesneski,R,75.0,52.5,-14.409017341040462,70.85687861271677,37.820166384567074,High Three-Quarters
669796,Jose Hernandez,L,75.0,52.5,8.680449438202247,77.80449438202248,18.905603524622016,Overhand
669854,Ronel Blanco,R,75.0,52.5,-11.67173076923077,72.56388461538462,30.120169837727346,High Three-Quarters
669912,Kirby Snead,L,73.0,51.09999999999999,30.7824,60.948342857142855,72.0643349273554,Low Three-Quarters
669923,George Kirby,R,76.0,53.199999999999996,-20.979838449111472,70.37815831987076,50.57566858947788,High Three-Quarters
669952,Mitch White,R,75.0,52.5,-20.51099273607748,72.02760290556901,45.88609022021175,High Three-Quarters
670059,Colin Holderman,R,76.0,53.2,-22.09554929577465,68.21780281690141,55.562212581584966,High Three-Quarters
670102,Bowden Francis,R,77.0,53.9,-24.650028169014085,72.97622535211268,52.25471450715859,High Three-Quarters
670167,John Schreiber,R,74.0,51.8,-31.43917808219178,48.98767123287671,94.9777521905167,Sidearm
670174,Josh Winckowski,R,76.0,53.2,-20.6735421686747,72.88742168674699,46.08501589890299,High Three-Quarters
670223,Matt Mervis,R,74.0,51.8,-12.833513513513514,83.15027027027027,22.272118654107746,Overhand
670241,Darius Vines,R,73.0,51.099999999999994,-12.191896551724138,71.68293103448275,30.570389675608215,High Three-Quarters
670280,David Bednar,R,72.0,50.4,-22.111512605042016,71.43806722689075,46.406462072580894,High Three-Quarters
670766,Darren McCaughan,R,73.0,51.1,-32.05655172413793,62.95448275862069,69.64301052399429,Low Three-Quarters
670810,Logan Gillaspie,R,74.0,51.8,-5.555744680851064,73.90212765957448,14.37165541540277,Overhand
670871,Guillermo Zuñiga,R,77.0,53.9,-24.516000000000002,71.15733333333333,54.69301796884151,High Three-Quarters
670950,Trevor Richards,R,74.0,51.8,-27.334545454545452,75.70818181818181,48.76992369669982,High Three-Quarters
670955,Edwin Uceta,R,72.0,50.4,-23.491525423728813,56.786440677966105,74.77462470014694,Low Three-Quarters
670970,Adrian Morejon,L,71.0,49.699999999999996,28.080621761658033,69.89844559585492,54.01526078665806,High Three-Quarters
670990,Yohan Ramírez,R,76.0,53.2,-35.606,62.205714285714286,75.76534167745214,Low Three-Quarters
671096,Andrew Abbott,L,72.0,50.4,20.032325581395348,70.53249169435216,44.83124895833246,High Three-Quarters
671106,Logan Allen,L,72.0,50.4,23.461244364292156,64.62070333633905,58.71115609536259,High Three-Quarters
671111,Sammy Peralta,L,74.0,51.8,31.8,55.714285714285715,82.86520908126997,Low Three-Quarters
671131,Jackson Rutledge,R,80.0,56.0,-17.76,75.32571428571428,42.53055753261434,High Three-Quarters
671212,Joe Boyle,R,79.0,55.3,-7.687783783783784,75.64864864864865,20.697008818742564,Overhand
671345,Jason Foley,R,76.0,53.199999999999996,-21.01608938547486,67.8677094972067,54.97215218760561,High Three-Quarters
671737,Taj Bradley,R,74.0,51.8,-16.76894639556377,73.45907578558226,37.71401826279701,High Three-Quarters
671922,Cade Smith,R,77.0,53.9,-32.541447963800906,68.46407239819004,65.57884092565612,Low Three-Quarters
672282,Reid Detmers,L,74.0,51.8,17.38234332425068,74.0667029972752,37.90438605045129,High Three-Quarters
672335,Cionel Pérez,L,72.0,50.4,18.3675,66.48100000000001,48.701438144237486,High Three-Quarters
672456,Keider Montero,R,73.0,51.1,-28.433103448275862,68.95586206896552,57.63452658756016,High Three-Quarters
672552,Jack O'Loughlin,L,77.0,53.9,16.709473684210526,70.7421052631579,44.466315192805375,High Three-Quarters
672578,Carlos Hernández,R,76.0,53.199999999999996,-15.757297297297297,71.73891891891893,40.01706731562424,High Three-Quarters
672582,Angel Zerpa,L,72.0,50.4,30.380894117647056,64.63990588235293,64.75927015360685,Low Three-Quarters
672710,Roansy Contreras,R,73.0,51.099999999999994,-11.097612732095492,71.14631299734748,28.831643113398833,Overhand
672782,Yoendrys Gómez,R,75.0,52.5,-19.21846153846154,65.21538461538461,56.530537109115514,High Three-Quarters
672851,Joan Adon,R,74.0,51.8,-24.445,69.92333333333335,53.396507564543214,High Three-Quarters
672860,Prelander Berroa,R,71.0,49.699999999999996,-10.44,73.245,23.904009170349525,Overhand
673380,Dedniel Núñez,R,74.0,51.8,-27.431650485436894,66.14504854368931,62.349431341523555,Low Three-Quarters
673513,Yuki Matsui,L,68.0,47.599999999999994,24.852158590308367,71.76343612334801,45.71017301929535,High Three-Quarters
673929,Jordan Leasure,R,75.0,52.5,-16.796394849785408,70.91587982832618,42.30306606272479,High Three-Quarters
674003,Cody Bradford,L,76.0,53.199999999999996,7.2602247191011235,74.34202247191011,19.007282290787916,Overhand
674072,Tommy Henry,L,75.0,52.5,20.894519572953737,69.3817793594306,51.04957973745665,High Three-Quarters
674285,Eduardo Salazar,R,74.0,51.8,-23.86933333333333,66.63466666666666,58.12029743645728,High Three-Quarters
674370,Osvaldo Bido,R,75.0,52.5,-28.880000000000003,70.20210526315789,58.485927955205405,High Three-Quarters
675540,Xzavion Curry,R,72.0,50.39999999999999,-15.733521126760564,72.05352112676056,35.8319967192873,High Three-Quarters
675627,Michael Grove,R,75.0,52.5,-8.461219963031423,71.28709796672828,24.110681535263875,Overhand
675911,Spencer Strider,R,72.0,50.39999999999999,-21.132134831460675,71.13168539325844,45.49373996274923,High Three-Quarters
675921,Spencer Howard,R,75.0,52.5,-27.274105263157896,73.2562105263158,52.706126307771996,High Three-Quarters
675989,Cody Bolton,R,74.0,51.8,-30.641574803149606,64.76409448818899,66.70619911698533,Low Three-Quarters
676083,Janson Junk,R,74.0,51.79999999999999,-12.426534653465346,68.83722772277228,36.21482035768285,High Three-Quarters
676092,Collin Snider,R,76.0,53.199999999999996,-38.81,62.138333333333335,77.00466166306165,Low Three-Quarters
676106,Emerson Hancock,R,76.0,53.199999999999996,-21.779363957597173,66.53109540636042,58.42870621557961,High Three-Quarters
676130,José Buttó,R,73.0,51.099999999999994,-28.58543778801843,63.57585253456221,66.36678525719798,Low Three-Quarters
676254,Ryan Walker,R,74.0,51.8,-42.17009487666034,62.53480075901328,75.69149817492826,Low Three-Quarters
676272,Bobby Miller,R,77.0,53.9,-19.271250000000002,71.90785714285714,46.86125248053624,High Three-Quarters
676395,Robert Garcia,L,76.0,53.199999999999996,44.172781065088756,67.04414201183431,72.57603807798371,Low Three-Quarters
676440,Tanner Bibee,R,74.0,51.8,-28.465038167938932,75.15755725190839,50.44977404956609,High Three-Quarters
676477,Garrett Whitlock,R,77.0,53.89999999999999,-16.143177570093457,65.57196261682243,54.01671571793324,High Three-Quarters
676534,Calvin Faucher,R,73.0,51.099999999999994,-11.397359413202935,71.81486552567237,28.79825834398415,Overhand
676568,Ricky Vanasco,R,75.0,52.5,-20.735999999999997,68.808,51.738004703052994,High Three-Quarters
676596,Josh Fleming,L,74.0,51.8,32.31665706051873,65.11608069164265,67.56462857022834,Low Three-Quarters
676617,Riley O'Brien,R,76.0,53.199999999999996,-22.247142857142855,67.72285714285714,56.80115137233191,High Three-Quarters
676664,JP Sears,L,71.0,49.699999999999996,17.5427027027027,54.88551002615519,73.07931861665489,Low Three-Quarters
676680,Tom Cosgrove,L,74.0,51.8,32.66671875,57.0421875,80.70268957487272,Low Three-Quarters
676684,Will Vest,R,72.0,50.4,-29.716626506024095,66.88134939759036,60.93117729281377,Low Three-Quarters
676702,Hunter Stratton,R,76.0,53.199999999999996,-15.351966527196652,71.98016736401674,39.229330643446886,High Three-Quarters
676710,Kutter Crawford,R,73.0,51.099999999999994,-13.554545454545455,72.78717171717172,32.028592227340475,High Three-Quarters
676714,Brandon Hughes,L,74.0,51.8,30.154513274336285,64.31575221238938,67.39913433520238,Low Three-Quarters
676760,Ron Marinaccio,R,74.0,51.8,-35.266285714285715,64.60457142857142,70.00263637772596,Low Three-Quarters
676775,Keaton Winn,R,76.0,53.199999999999996,-17.63257065948856,74.5450336473755,39.55073277782216,High Three-Quarters
676879,Aaron Ashby,L,73.0,51.099999999999994,12.930697674418605,78.30837209302327,25.39464367171898,Overhand
676961,Caleb Boushley,R,75.0,52.5,-16.169032258064515,72.3367741935484,39.396910705792095,High Three-Quarters
676962,Ben Brown,R,78.0,54.599999999999994,-18.59279151943463,76.4443816254417,40.32904287462668,High Three-Quarters
676969,Brett de Geus,R,74.0,51.8,-13.497857142857143,72.61285714285715,32.99768019337132,High Three-Quarters
676974,Max Meyer,R,72.0,50.4,-13.28300395256917,69.80442687747036,34.31524614044966,High Three-Quarters
676979,Garrett Crochet,L,78.0,54.599999999999994,28.110876623376623,73.50155844155844,56.04738546265242,High Three-Quarters
677020,Josh Walker,L,78.0,54.599999999999994,32.4033488372093,73.95906976744186,59.04259403904332,High Three-Quarters
677053,Andrew Nardi,L,75.0,52.5,34.31079006772009,71.06817155756208,61.554793210156426,Low Three-Quarters
677076,Clayton Andrews,L,66.0,46.199999999999996,33.472,64.88,60.81354670251871,Low Three-Quarters
677161,Zack Kelly,R,75.0,52.5,-38.916311239193085,64.91827089337175,72.24681599538093,Low Three-Quarters
677865,Justin Bruihl,L,74.0,51.8,36.79714285714285,65.04857142857142,69.96121711131158,Low Three-Quarters
677944,Slade Cecconi,R,76.0,53.19999999999999,-24.90759493670886,66.9636075949367,60.9824810747661,Low Three-Quarters
677960,Ryan Weathers,L,73.0,51.099999999999994,34.561241379310346,68.23231034482758,63.574503443196654,Low Three-Quarters
678061,Ray Kerr,L,75.0,52.5,18.590232558139533,68.33546511627907,49.535619398015506,High Three-Quarters
678226,Daysbel Hernández,R,70.0,49.0,-14.58,69.70384615384616,35.14927529651564,High Three-Quarters
678394,Brayan Bello,R,73.0,51.099999999999994,-21.57182089552239,61.99164179104478,63.0263951357543,Low Three-Quarters
678495,Randy Rodríguez,R,72.0,50.39999999999999,-19.589560117302053,64.92281524926686,53.28990044202332,High Three-Quarters
678692,Ronny Henriquez,R,70.0,49.0,-28.225531914893615,65.60425531914893,59.26205315724037,High Three-Quarters
678906,Kai-Wei Teng,R,76.0,53.199999999999996,-27.269411764705882,65.87764705882353,65.03008017899678,Low Three-Quarters
679525,Alec Marsh,R,74.0,51.8,-24.841261829652996,68.32858044164038,56.28237064596149,High Three-Quarters
679845,Nick Loftin,R,72.0,50.4,-14.955,74.82000000000001,31.81753303774214,High Three-Quarters
679885,Justin Martinez,R,75.0,52.5,-34.14121827411167,73.33918781725887,58.45181183261941,High Three-Quarters
680570,Grayson Rodriguez,R,77.0,53.9,-27.429322709163348,67.42709163346613,63.71047433085474,Low Three-Quarters
680573,Simeon Woods Richardson,R,75.0,52.5,-15.566024096385542,76.89918072289157,32.50942108522086,High Three-Quarters
680686,Josiah Gray,R,73.0,51.099999999999994,-22.662272727272725,61.247727272727275,65.63582127025512,Low Three-Quarters
680694,Kyle Bradish,R,75.0,52.5,-12.5494,76.2778,27.74586755339713,Overhand
680704,Nick Sandlin,R,71.0,49.7,-38.66314285714286,53.76142857142857,83.96442963539906,Low Three-Quarters
680730,Mitchell Parker,L,76.0,53.199999999999996,23.434387633769322,72.7448275862069,50.00666702212232,High Three-Quarters
680742,Jonathan Bowlan,R,78.0,54.599999999999994,-32.468823529411765,72.4235294117647,61.21136609173212,Low Three-Quarters
680767,Victor Vodnik,R,72.0,50.4,-25.30779661016949,63.2268721109399,62.61912796765599,Low Three-Quarters
680885,Spencer Schwellenbach,R,73.0,51.099999999999994,-35.529017341040465,63.72832369942196,70.44480190384087,Low Three-Quarters
680897,Nick Nastrini,R,75.0,52.5,-25.11578093306288,71.0986612576065,53.44060133548756,High Three-Quarters
680911,Owen Miller,R,71.0,49.699999999999996,-25.345945945945946,80.80216216216216,39.03407560652301,High Three-Quarters
681035,Christian Scott,R,76.0,53.199999999999996,-33.429515418502206,62.686255506607935,74.13763418887277,Low Three-Quarters
681190,Randy Vásquez,R,72.0,50.4,-30.160467445742903,71.58711185308849,54.36109716887601,High Three-Quarters
681217,Chase Silseth,R,72.0,50.4,-18.865868263473054,70.7525748502994,42.78777123165512,High Three-Quarters
681293,Spencer Arrighetti,R,74.0,51.8,-14.751762013729977,61.12146453089245,57.32615899466091,High Three-Quarters
681402,Gus Varland,R,73.0,51.099999999999994,-17.118387096774192,63.16548387096775,54.67756030137775,High Three-Quarters
681432,Luke Little,L,80.0,56.0,35.6952,65.53,75.01030182691206,Low Three-Quarters
681517,Kyle Leahy,R,77.0,53.9,-16.488581314878893,69.58837370242215,46.3527985110468,High Three-Quarters
681676,Ryan Fernandez,R,72.0,50.4,-27.716889848812094,68.4961555075594,56.71795017166929,High Three-Quarters
681857,Reese Olson,R,73.0,51.099999999999994,-31.332960893854747,72.42949720670391,55.74381097040508,High Three-Quarters
681867,Cooper Criswell,R,78.0,54.599999999999994,-20.088329519450802,60.06906178489702,74.7139181879348,Low Three-Quarters
681869,Shawn Dubin,R,72.0,50.4,-23.113984962406015,69.63248120300753,50.121510457344954,High Three-Quarters
681871,Eli Villalobos,R,76.0,53.199999999999996,-27.016901408450703,73.35887323943662,53.04832721906613,High Three-Quarters
681882,Colin Selby,R,74.0,51.8,-12.859591836734694,68.10367346938776,38.151252345164735,High Three-Quarters
681892,Kody Funderburk,L,76.0,53.199999999999996,28.892185430463577,71.22357615894039,57.955350302173414,High Three-Quarters
681911,Alex Vesia,L,73.0,51.099999999999994,7.414266958424508,70.63142231947484,20.768403750703424,Overhand
681982,Grant Anderson,R,72.0,50.4,-28.871129032258064,50.7358064516129,89.19919379377178,Low Three-Quarters
682052,Jacob Lopez,L,76.0,53.199999999999996,42.75962264150944,63.151698113207544,76.86253831894138,Low Three-Quarters
682120,Tim Herrin,L,78.0,54.599999999999994,28.020289855072463,69.07507246376812,62.76360283035528,Low Three-Quarters
682175,Joe Jacques,L,76.0,53.199999999999996,41.35272727272727,53.60363636363637,89.40907367714622,Low Three-Quarters
682243,Bryce Miller,R,74.0,51.8,-17.083979057591623,66.32837696335079,49.518434271885084,High Three-Quarters
682610,Roddery Muñoz,R,74.0,51.8,-15.63076923076923,67.49435897435897,44.866781707029624,High Three-Quarters
682842,Abner Uribe,R,75.0,52.5,-12.87813953488372,71.42651162790698,34.08369849137522,High Three-Quarters
682847,Luis L. Ortiz,R,74.0,51.8,-21.171689189189188,60.66891891891892,67.18345988366376,Low Three-Quarters
682990,Quinn Priester,R,75.0,52.5,-13.261266794625719,71.76529750479847,34.537167889255116,High Three-Quarters
683003,Jared Jones,R,73.0,51.099999999999994,-17.489277430865297,66.37873327386262,48.73094291274681,High Three-Quarters
683004,Jack Leiter,R,73.0,51.1,-24.230239234449762,67.37971291866029,56.07961261667091,High Three-Quarters
683155,Joey Estes,R,74.0,51.8,-22.08588235294118,70.62235294117647,49.51940171829826,High Three-Quarters
683232,Nick Mears,R,74.0,51.8,-16.16196319018405,73.50257668711657,36.586973648949865,High Three-Quarters
683409,Angel Chivilli,R,74.0,51.79999999999999,-9.667924528301887,72.58415094339622,24.863717912486376,Overhand
683627,Anthony Molina,R,73.0,51.099999999999994,-18.583941605839417,75.17956204379561,37.2490506694906,High Three-Quarters
683769,Hunter Gaddis,R,78.0,54.599999999999994,-32.1577358490566,74.3122641509434,58.47475838280727,High Three-Quarters
683822,Naoyuki Uwasawa,R,73.0,51.099999999999994,-24.42967741935484,75.09096774193549,45.49952231217234,High Three-Quarters
684007,Shota Imanaga,L,70.0,49.0,30.228046875,65.0762109375,61.93321970222147,Low Three-Quarters
684320,Yariel Rodríguez,R,72.0,50.4,-20.530331125827814,70.22900662251655,45.838982200062084,High Three-Quarters
685107,Anthony Veneziano,L,77.0,53.9,26.138666666666666,71.888,55.46478048022803,High Three-Quarters
685314,Andrew Saalfrank,L,75.0,52.5,16.093846153846155,74.94923076923077,35.604949447943255,High Three-Quarters
686539,Declan Cronin,R,76.0,53.199999999999996,-22.641108742004263,61.99778251599147,68.67850788358227,Low Three-Quarters
686563,Jonathan Cannon,R,78.0,54.599999999999994,-31.481392405063293,68.29594936708861,66.41294920422092,Low Three-Quarters
686580,Justin Slaten,R,76.0,53.199999999999996,-9.995507559395248,73.26609071274298,26.458322300641285,Overhand
686613,Hunter Brown,R,74.0,51.8,-16.5531550802139,75.35101604278074,34.602574684851355,High Three-Quarters
686730,Carson Spiers,R,75.0,52.5,-18.87103448275862,63.39475862068965,59.706707188292135,High Three-Quarters
686752,Ryan Pepiot,R,75.0,52.5,-14.842051282051282,70.16673992673992,39.95031871726832,High Three-Quarters
686796,Blake Walston,L,77.0,53.9,32.1,71.92551724137931,60.64153984015662,Low Three-Quarters
686826,Bryce Jarvis,R,74.0,51.8,-27.85570093457944,67.84747663551403,59.90298030336457,High Three-Quarters
686973,Louie Varland,R,73.0,51.099999999999994,-18.906101694915254,66.8393220338983,50.11000309879589,High Three-Quarters
686993,Justin Sterner,R,73.0,51.099999999999994,-35.784375,66.89625,66.18770866233513,Low Three-Quarters
687014,Nick Avila,R,76.0,53.19999999999999,-17.714133333333333,73.43626666666667,40.936255102673556,High Three-Quarters
687330,Kevin Kelly,R,74.0,51.8,-22.14888888888889,44.90888888888889,107.34610636427415,Sidearm
687424,Anthony Maldonado,R,76.0,53.2,-20.614,74.31866666666667,44.22967593462213,High Three-Quarters
687765,Mitch Spence,R,73.0,51.099999999999994,-33.08205,73.32255,55.96547228884216,High Three-Quarters
687792,DJ Herz,L,74.0,51.800000000000004,23.85185185185185,70.02296296296296,52.58320865745467,High Three-Quarters
687798,Nick Robertson,R,78.0,54.599999999999994,-34.32526829268293,67.87902439024391,68.77379620391247,Low Three-Quarters
687863,Porter Hodge,R,76.0,53.199999999999996,-33.64307692307692,68.59846153846154,65.35344874835701,Low Three-Quarters
687922,Easton Lucas,L,76.0,53.2,25.909200000000002,71.5464,54.659238661340375,High Three-Quarters
688107,Robert Gasser,L,72.0,50.4,26.603007518796993,59.48481203007518,71.09571215833965,Low Three-Quarters
688297,Chris Roycroft,R,80.0,56.0,-33.21176470588235,61.50635294117647,79.6749903059896,Low Three-Quarters
689017,Landon Knack,R,74.0,51.8,-9.573333333333334,70.24565656565656,27.376500468185988,Overhand
689147,Orion Kerkering,R,74.0,51.8,-17.256451612903223,68.47225806451613,45.66697501521412,High Three-Quarters
689225,Beau Brieske,R,75.0,52.5,-17.882162162162164,71.5064864864865,43.0909872718141,High Three-Quarters
690829,Ben Joyce,R,77.0,53.9,-22.64756756756757,61.8745945945946,70.56181437288328,Low Three-Quarters
690925,Clayton Beeter,R,74.0,51.79999999999999,-12.36,74.83999999999999,28.194273528493394,Overhand
690986,Kyle Harrison,L,74.0,51.8,24.511317829457365,58.100671834625324,75.47358521017512,Low Three-Quarters
693312,Kyle Nicolas,R,76.0,53.199999999999996,-17.205732899022802,73.20273615635179,40.6633777050774,High Three-Quarters
693433,Bryan Woo,R,74.0,51.79999999999999,-19.362915717539863,59.54924829157175,68.03936818474712,Low Three-Quarters
693821,Bryce Elder,R,74.0,51.8,-8.122660332541567,80.06907363420427,16.08655854651674,Overhand
694037,Daniel Palencia,R,71.0,49.7,-24.2262,65.0628,57.04101072062287,High Three-Quarters
694297,Brandon Pfaadt,R,76.0,53.199999999999996,-22.898799661876584,65.83546914623838,60.82446488234732,Low Three-Quarters
694361,Will Klein,R,77.0,53.9,-13.540990099009901,71.03049504950495,38.29883764297843,High Three-Quarters
694363,Jared Shuster,L,75.0,52.5,17.132954048140043,66.94371991247264,49.7470277356202,High Three-Quarters
694462,Hurston Waldrep,R,74.0,51.8,-14.258709677419354,75.60387096774193,30.725458107742615,High Three-Quarters
694738,Landen Roupp,R,74.0,51.8,-27.823676470588236,62.17720588235294,69.49952574942343,Low Three-Quarters
694813,Gavin Stone,R,73.0,51.099999999999994,-21.902372227579555,67.2642237222758,53.517894449800544,High Three-Quarters
694973,Paul Skenes,R,78.0,54.599999999999994,-27.86111587982833,67.20695278969957,65.23745742983702,Low Three-Quarters
695243,Mason Miller,R,77.0,53.9,-25.930129870129868,73.24805194805195,53.251305062477485,High Three-Quarters
696131,Mason Black,R,75.0,52.5,-23.152699619771862,63.01186311787072,65.35010178482202,Low Three-Quarters
696136,Jordan Wicks,L,75.0,52.5,26.796904276985746,71.43177189409369,54.60137825807639,High Three-Quarters
700249,Cade Povich,L,75.0,52.5,19.1496,68.988,49.31704286658932,High Three-Quarters
700363,AJ Smith-Shawver,R,75.0,52.5,-22.759999999999998,71.8648275862069,49.56055165113379,High Three-Quarters
701643,Grant Hartwig,R,77.0,53.9,-21.983389830508475,58.054576271186434,78.91126249322168,Low Three-Quarters
702795,Ryan Loutos,R,77.0,53.9,-9.9648,72.9408,27.639365747613255,Overhand
703231,James Meeker,R,76.0,53.199999999999996,-34.965,67.155,68.23667343889356,Low Three-Quarters
800049,Adam Mazur,R,74.0,51.79999999999999,-8.805283018867923,73.56905660377359,22.04827212112847,Overhand
808967,Yoshinobu Yamamoto,R,70.0,49.0,-13.952172413793104,66.25106896551725,38.958147238009346,High Three-Quarters
